Acanthosis nigricans;Acanthosis nigricans
Achalasia;Achalasia
Acid and chemical burns;Acid and chemical burns
Acoustic neuroma (vestibular schwannoma);Acoustic neuroma (vestibular schwannoma)
Vestibular schwannoma;Acoustic neuroma (vestibular schwannoma)
Acromegaly;Acromegaly
Gigantism;Acromegaly
Urine albumin to creatinine ratio (ACR);Urine albumin to creatinine ratio (ACR)
Actinic keratoses (solar keratoses);Actinic keratoses (solar keratoses)
Solar keratoses;Actinic keratoses (solar keratoses)
Acupuncture;Acupuncture
Acute cholecystitis;Acute cholecystitis
Gallbladder pain;Acute cholecystitis
Cholecystitis (acute);Acute cholecystitis
MND;Motor neurone disease
Acute kidney injury;Acute kidney injury
Acute respiratory distress syndrome;Acute respiratory distress syndrome
Adenoidectomy;Adenoidectomy
Air or gas embolism;Air or gas embolism
Decompression sickness;Air or gas embolism
Alcohol poisoning;Alcohol poisoning
Alexander technique;Back Pain
Alkaptonuria;Alkaptonuria
Amputation;Amputation
Amyloidosis;Amyloidosis
Anabolic steroid misuse;Anabolic steroid misuse
Steroid misuse;Anabolic steroid misuse
Anaesthesia;Anaesthesia
Anal cancer;Anal cancer
Anal pain;Anal pain
Proctalgia;Anal pain
Angelman syndrome;Angelman syndrome
Animal and human bites;Animal and human bites
Bite (animal or human);Animal and human bites
Anosmia;Lost or changed sense of smell
Antacids;Heartburn and acid reflux
Antihistamines;Allergies
Antisocial personality disorder;Antisocial personality disorder
Anxiety disorders in children;Anxiety disorders in children
Arrhythmia;Arrhythmia
Heart rhythm problems;Arrhythmia
Arterial thrombosis;Arterial thrombosis
Intrauterine insemination (IUI);Intrauterine insemination (IUI)
Asbestosis;Asbestosis
Aspirin;Pain relief
Atherosclerosis (arteriosclerosis);Atherosclerosis (arteriosclerosis)
Athlete's foot;Athlete's foot
Auditory processing disorder (APD);Auditory processing disorder (APD)
Balanitis;Balanitis
Barium enema;Tests, scans and screening
Bedbugs;Insect bites and stings
Beta blockers;Cardiovascular disease
Black eye;Eye injuries
Blood clots;Blood clots
Blood groups;Blood groups
Blood in semen (haematospermia);Blood in semen (haematospermia)
Blood in urine;Blood in urine
Blood pressure test;Tests, scans and screening
Body dysmorphic disorder (BDD);Body dysmorphic disorder (BDD)
Infected piercings;Infected piercings
Boils;Boils
Botulism;Botulism
Bowel polyps;Bowel polyps
Bowen's disease;Bowen's disease
Brain tumours;Brain tumours
Breast pain;Breast pain
Breast reduction on the NHS;Cosmetic procedures
Breath-holding in babies and children;Breath-holding in babies and children
Broken ankle;Fractures, sprains and broken bones
Broken arm or wrist;Fractures, sprains and broken bones
Broken collarbone;Fractures, sprains and broken bones
Broken finger or thumb;Fractures, sprains and broken bones
Broken leg;Fractures, sprains and broken bones
Broken nose;Fractures, sprains and broken bones
Broken or bruised ribs;Fractures, sprains and broken bones
Broken toe;Fractures, sprains and broken bones
Bronchitis;Bronchitis
Brucellosis;Brucellosis
Brugada syndrome;Brugada syndrome
Carbon monoxide poisoning;Carbon monoxide poisoning
Neuroendocrine tumours and carcinoid syndrome;Neuroendocrine tumours and carcinoid syndrome
Cardiomyopathy;Cardiomyopathy
Cardiovascular disease;Cardiovascular disease
Age-related cataracts;Age-related cataracts
Cataracts (age-related);Age-related cataracts
Catarrh;Catarrh
Cavernoma;Cavernoma
Clostridium difficile (C. diff) infection;Clostridium difficile (C. diff) infection
Carcinoembryonic antigen (CEA) test;Tests, scans and screening
Cervical rib;Thoracic outlet syndrome
Thoracic outlet syndrome;Thoracic outlet syndrome
Charles Bonnet syndrome;Charles Bonnet syndrome
Chest infection;Chest infection
Chest pain;Chest pain
Heart pain;Chest pain
Chiari malformation;Chiari malformation
Chilblains;Chilblains
Chiropractic;Back pain
Cholesteatoma;Cholesteatoma
Chronic traumatic encephalopathy;Chronic traumatic encephalopathy
Circumcision in boys;Circumcision in boys
Circumcision in men;Circumcision in men
Claustrophobia;Claustrophobia
Cluster headaches;Cluster headaches
Colour vision deficiency (colour blindness);Colour vision deficiency (colour blindness)
Coma;Disorders of consciousness
Compartment syndrome;Compartment syndrome
Concussion;Concussion
Sudden confusion (delirium);Sudden confusion (delirium)
Confusion (sudden);Sudden confusion (delirium)
Delirium;Sudden confusion (delirium)
Costochondritis;Costochondritis
Cough;Cough
Coughing up blood (blood in phlegm);Coughing up blood (blood in phlegm)
Cradle cap;Cradle cap
CT scan;Tests, scans and screening
Cuts and grazes;First Aid
Blue skin or lips (cyanosis);Cyanosis
Cyanosis;Cyanosis
Cyclical vomiting syndrome;Cyclical vomiting syndrome
Cyclospora;Cyclospora
Cyclothymia;Cyclothymia
Dandruff;Dandruff
Decongestants;Common cold
Dental abscess;Dental abscess
Dentures (false teeth);Dentures (false teeth)
Dyspraxia (developmental co-ordination disorder) in adults;Dyspraxia (developmental co-ordination disorder) in adults
Developmental dysplasia of the hip;Developmental dysplasia of the hip
Congenital hip dislocation;Developmental dysplasia of the hip
Hip dysplasia;Developmental dysplasia of the hip
Diabetes;Diabetes
Diabetic eye screening;Diabetic eye screening
Diabetic ketoacidosis;Diabetic ketoacidosis
DiGeorge syndrome (22q11 deletion);DiGeorge syndrome (22q11 deletion)
Dislocated kneecap;Dislocated kneecap
Dislocated shoulder;Dislocated shoulder
Differences in sex development;Differences in sex development
intersex;Differences in sex development
Dissociative disorders;Dissociative disorders
Diverticular disease and diverticulitis;Diverticular disease and diverticulitis
Dizziness;Dizziness
Dry mouth;Dry mouth
Dysarthria (difficulty speaking);Dysarthria (difficulty speaking)
Dysentery;Dysentery
Earache;Earache
Early or delayed puberty;Early or delayed puberty
Puberty (early or delayed);Early or delayed puberty
Earwax build-up;Earwax build-up
Eating disorders;Eating disorders
Ebola virus disease;Ebola virus disease
Echocardiogram;Tests, scans and screening
Ectropion;Ectropion
Edwards' syndrome (trisomy 18);Edwards' syndrome (trisomy 18)
Ehlers-Danlos syndromes;Ehlers-Danlos syndromes
Ejaculation problems;Ejaculation problems
Premature ejaculation;Ejaculation problems
Elbow and arm pain;Elbow and arm pain
Electrocardiogram (ECG);Electrocardiogram (ECG)
Electroencephalogram (EEG);Electroencephalogram (EEG)
Electrolyte test;Tests, scans and screening
Embolism;Embolism
Emollients;Itchy skin
Empyema;Empyema
Endoscopy;Endoscopy
Enhanced recovery;General surgery and recovery
Epididymitis;Epididymitis
Epiglottitis;Epiglottitis
Erythema multiforme;Erythema multiforme
Erythema nodosum;Erythema nodosum
Erythromelalgia;Erythromelalgia
Euthanasia and assisted suicide;End of life care
Ewing sarcoma;Ewing sarcoma
Excessive daytime sleepiness (hypersomnia);Excessive daytime sleepiness (hypersomnia)
Hypersomnia;Excessive daytime sleepiness (hypersomnia)
Eye cancer;Eye cancer
Eye injuries;Eye injuries
Eyelid problems;Eyelid problems
Eye tests for children;Eye Tests
Prosopagnosia (face blindness);Prosopagnosia (face blindness)
Face blindness;Prosopagnosia (face blindness)
Febrile seizures;Febrile seizures
Fits (children with fever);Febrile seizures
Seizures (children with fever);Febrile seizures
Female genital mutilation (FGM);Female genital mutilation (FGM)
High temperature (fever) in children;High temperature (fever) in children
Fever in children;High temperature (fever) in children
Flat feet;Flat feet
Fluoride;Dental care and surgery
Foetal alcohol spectrum disorder;Foetal alcohol spectrum disorder
Food colours and hyperactivity;Attention deficit hyperactivity disorder (ADHD)
Food intolerance;Food intolerance
Foot drop;Foot drop
Gallbladder cancer;Gallbladder cancer
Ganglion cyst;Ganglion cyst
Gastritis;Gastritis
Gastroparesis;Gastroparesis
General anaesthesia;Anaesthesia
Gilbert's syndrome;Gilbert's syndrome
Glutaric aciduria type 1;Glutaric aciduria type 1
Granuloma annulare;Granuloma annulare
Granulomatosis with polyangiitis;Granulomatosis with polyangiitis
Growing pains;Growing pains
Hair dye reactions;Hair dye reactions
Hairy cell leukaemia;Hairy cell leukaemia
Leukaemia (hairy cell);Hairy cell leukaemia
Hallucinations and hearing voices;Hallucinations and hearing voices
Hearing voices;Hallucinations and hearing voices
Hamstring injury;Hamstring injury
Hand foot and mouth disease;Hand, foot and mouth disease
Head and neck cancer;Head and neck cancer
Health anxiety;Hypochondria
Hypochondria;Hypochondria
Hearing tests for children;Hearing tests
Heart-lung transplant;Heart-lung transplant
Heart palpitations and ectopic beats;Heart palpitations and ectopic beats
Palpitations;Heart palpitations and ectopic beats
Ectopic beats;Heart palpitations and ectopic beats
Heat exhaustion and heatstroke;Heat exhaustion and heatstroke
Heat rash (prickly heat);Heat rash (prickly heat)
Prickly heat;Heat rash (prickly heat)
Sweating (excessive);Excessive sweating (hyperhidrosis)
sweat rash;Heat rash (prickly heat)
Henoch-Schönlein purpura (HSP);Henoch-Schönlein purpura (HSP)
Hepatitis;Hepatitis
Herbal medicines;Complementary and alternative medicine
Herceptin (trastuzumab);Cancer
Hereditary haemorrhagic telangiectasia (HHT);Hereditary haemorrhagic telangiectasia (HHT)
Hereditary neuropathy with pressure palsies (HNPP);Hereditary neuropathy with pressure palsies (HNPP)
Hereditary spastic paraplegia;Hereditary spastic paraplegia
Hernia;Hernia
Herpes simplex eye infections;Herpes simplex eye infections
Eye infection (herpes);Herpes simplex eye infections
Herpetic whitlow (whitlow finger);Herpetic whitlow (whitlow finger)
Whitlow finger;Herpetic whitlow (whitlow finger)
Haemophilus influenzae type b (Hib);Haemophilus influenzae type b (Hib)
Hidradenitis suppurativa (HS);Hidradenitis suppurativa (HS)
Hyperglycaemia (high blood sugar);Hyperglycaemia (high blood sugar)
Hip pain in adults;Hip pain in adults
Hirschsprung's disease;Hirschsprung's disease
Hoarding disorder;Hoarding disorder
Homeopathy;Complementary and alternative medicine
Home oxygen therapy;Shortness of breath
Oxygen therapy;Shortness of breath
Homocystinuria;Homocystinuria
Noise sensitivity (hyperacusis);Noise sensitivity (hyperacusis)
Hypnotherapy;Hypnotherapy
Hypothermia;Hypothermia
Ichthyosis;Ichthyosis
Indigestion;Indigestion
Inflammatory bowel disease;Inflammatory bowel disease
Ingrown hairs;Ingrown hairs
Ingrown toenail;Ingrown toenail
Intensive care;Intensive Care
Interstitial cystitis;Interstitial cystitis
Intracranial hypertension;Intracranial hypertension
Hip pain in children (irritable hip);Hip pain in children (irritable hip)
Irritable hip;Hip pain in children (irritable hip)
Isovaleric acidaemia;Isovaleric acidaemia
Joint pain;Joint pain
Kaposi's sarcoma;Kaposi's sarcoma
Keratosis pilaris;Keratosis pilaris
Klinefelter syndrome;Klinefelter syndrome
Knee pain;Knee pain
Knock knees;Knock knees
Kwashiorkor;Kwashiorkor
Labial fusion;Labial fusion
Lambert-Eaton myasthenic syndrome;Lambert-Eaton myasthenic syndrome
Lactate dehydrogenase (LDH) test;Lactate dehydrogenase (LDH) test
Legionnaires' disease;Legionnaires' disease
Lichen sclerosus;Lichen sclerosus
Limping in children;Limping in children
Lipoedema;Lipoedema
Lipoma;Lipoma
Liver disease;Liver disease
Local anaesthesia;Local anaesthesia
Long QT syndrome;Long QT syndrome
Loss of libido (reduced sex drive);Loss of libido (reduced sex drive)
Low blood sugar (hypoglycaemia);Low blood sugar (hypoglycaemia)
Hypoglycaemia (low blood sugar);Low blood sugar (hypoglycaemia)
Low sperm count;Low sperm count
Sperm count (low);Low sperm count
Lumps;Lumps
Lyme disease;Lyme disease
Macular hole;Macular hole
Magnesium test;Magnesium test
The 'male menopause';The 'male menopause'
Male menopause;The 'male menopause'
Mallet finger;Mallet finger
Maple syrup urine disease;Maple syrup urine disease
Mastoiditis;Mastoiditis
MCADD;MCADD
Medically unexplained symptoms;Functional neurological disorder
Functional neurological disorder;Functional neurological disorder
Ménière's disease;Ménière's disease
Mesothelioma;Mesothelioma
Metabolic syndrome;Metabolic syndrome
Metallic taste;Metallic taste
Mitral valve problems;Mitral valve problems
Heart valve problems;Mitral valve problems
Molar pregnancy;Molar pregnancy
Morton's neuroma;Morton's neuroma
Motion sickness;Motion sickness
Mouth ulcers;Mouth ulcers
MRSA;MRSA
Multiple system atrophy;Multiple system atrophy
Mycobacterium chimaera infection;Mycobacterium chimaera infection
Myelodysplastic syndrome (myelodysplasia);Myelodysplastic syndrome (myelodysplasia)
Myositis (polymyositis and dermatomyositis);Myositis (polymyositis and dermatomyositis)
Nail patella syndrome;Nail patella syndrome
Nail problems;Nail problems
Nasal and sinus cancer;Nasal and sinus cancer
Nose cancer;Nasal and sinus cancer
Sinus cancer;Nasal and sinus cancer
Nasopharyngeal cancer;Nasopharyngeal cancer
Neck pain;Neck pain
Necrotising fasciitis;Necrotising fasciitis
Neonatal herpes (herpes in a baby);Neonatal herpes (herpes in a baby)
Herpes in babies;Neonatal herpes (herpes in a baby)
Nephrotic syndrome in children;Nephrotic syndrome in children
Neuroblastoma;Neuroblastoma
Neuroendocrine tumours;Neuroendocrine tumours
Neuromyelitis optica;Neuromyelitis optica
Night sweats;Night sweats
Sweating at night;Night sweats
Night terrors and nightmares;Night terrors and nightmares
Nipple discharge;Nipple discharge
Non-alcoholic fatty liver disease (NAFLD);Non-alcoholic fatty liver disease (NAFLD)
Norovirus (vomiting bug);Norovirus (vomiting bug)
Vomiting bug;Norovirus (vomiting bug)
Winter vomiting bug;Norovirus (vomiting bug)
NSAIDs;Pain relief
Swollen ankles feet and legs (oedema);Swollen ankles, feet and legs (oedema)
Oesophageal atresia and tracheo-oesophageal fistula;Oesophageal atresia and tracheo-oesophageal fistula
Orf;Orf
Osteophyte (bone spur);Osteophyte (bone spur)
Otosclerosis;Otosclerosis
Ovulation pain;Ovulation pain
Panic disorder;Panic disorder
Patau's syndrome;Patau's syndrome
Peak flow test;Tests, scans and screening
Pelvic pain;Pelvic pain
Penile cancer;Penile cancer
Period pain;Menstrual pain
Menstrual pain;Menstrual pain
Periods;Periods
Persistent trophoblastic disease and choriocarcinoma;Persistent trophoblastic disease and choriocarcinoma
Personality disorder;Personality disorder
PET scan;Tests, scans and screening
Phaeochromocytoma;Phaeochromocytoma
Phenylketonuria;Phenylketonuria
Tight foreskin (phimosis and paraphimosis);Foreskin problems
Foreskin problems;Foreskin problems
Phimosis;Phimosis
Phlebitis (superficial thrombophlebitis);Phlebitis (superficial thrombophlebitis)
Superficial thrombophlebitis;Phlebitis (superficial thrombophlebitis)
Phosphate test;Tests, scans and screening
Photodynamic therapy (PDT);Photodynamic therapy (PDT)
Pins and needles;Pins and needles
PIP breast implants;Cosmetic procedures
Pityriasis rosea;Pityriasis rosea
Pityriasis versicolor;Pityriasis versicolor
Plagiocephaly and brachycephaly (flat head syndrome);Plagiocephaly and brachycephaly (flat head syndrome)
Brachycephaly and plagiocephaly;Plagiocephaly and brachycephaly (flat head syndrome)
Flat head syndrome;Plagiocephaly and brachycephaly (flat head syndrome)
Pleurisy;Pleurisy
Polio;Polio
Polyhydramnios (too much amniotic fluid);Polyhydramnios (too much amniotic fluid)
Polymorphic light eruption;Polymorphic light eruption
Pompholyx (dyshidrotic eczema);Pompholyx (dyshidrotic eczema)
Postmenopausal bleeding;Postmenopausal bleeding
Bleeding after the menopause;Postmenopausal bleeding
Post-mortem;Transplants and organ donation
Postpartum psychosis;Postpartum psychosis
Postural tachycardia syndrome (PoTS);Postural tachycardia syndrome (PoTS)
Potassium test;Tests, scans and screening
Predictive genetic tests for cancer risk genes;Tests, scans and screening
Genetic test for cancer gene;Tests, scans and screening
Probiotics;Healthy lifestyle
Problems swallowing pills;Problems swallowing pills
Swallowing pills;Problems swallowing pills
Prostate problems;Prostate problems
Prostatitis;Prostatitis
Psoriatic arthritis;Psoriatic arthritis
Psychiatry;Psychiatry
Pubic lice;Pubic lice
Pudendal neuralgia;Pudendal neuralgia
Pyoderma gangrenosum;Pyoderma gangrenosum
Q fever;Q fever
Rashes in babies and children;Rashes in babies and children
Red blood cell count;Red blood cell count
Red eye;Red eye
Reflux in babies;Acid reflux in babies
Acid reflux in babies;Acid reflux in babies
Respiratory tract infections (RTIs);Respiratory tract infections (RTIs)
Retinal migraine;Retinal migraine
Retinoblastoma (eye cancer in children);Retinoblastoma (eye cancer in children)
Rett syndrome;Rett syndrome
Reye's syndrome;Reye's syndrome
Roseola;Roseola
Salivary gland stones;Salivary gland stones
Sarcoidosis;Sarcoidosis
SARS (severe acute respiratory syndrome);SARS (severe acute respiratory syndrome)
Scarlet fever;Scarlet fever
Schistosomiasis (bilharzia);Schistosomiasis (bilharzia)
Bilharzia;Schistosomiasis (bilharzia)
Scleroderma;Scleroderma
Selective mutism;Selective mutism
Septic arthritis;Septic arthritis
Sexually transmitted infections (STIs);Sexually transmitted infections (STIs)
Shin splints;Shin splints
Shin pain (shin splints);Shin splints
Shortness of breath;Shortness of breath
Shoulder impingement;Shoulder impingement
Sick building syndrome;Sick building syndrome
Silicosis;Silicosis
Skin cyst;Skin cyst
Skin tags;Skin tags
Slapped cheek syndrome;Slapped cheek syndrome
Sleepwalking;Sleepwalking
Smelly urine;Smelly urine
Urine (smelly);Smelly urine
Snake bites;Snake bites
Social anxiety (social phobia);Social anxiety (social phobia)
Soft tissue sarcomas;Soft tissue sarcomas
Sore or dry lips;Sore or dry lips
Sore lips;Sore or dry lips
Dry lips;Sore or dry lips
Lips (sore or dry);Sore or dry lips
Sore or white tongue;Sore or white tongue
Tongue (sore or white);Sore or white tongue
Sore throat;Sore throat
Throat (sore);Sore throat
Spirometry;Tests, scans and screening
Spleen problems and spleen removal;Spleen problems and spleen removal
Spondylolisthesis;Spondylolisthesis
Staph infection;Staph infection
Steroid inhalers;Asthma
Steroid injections;Steroids
Steroid nasal sprays;Steroids
Steroids;Steroids
Corticosteroids;Steroids
Steroid tablets;Steroids
Stevens-Johnson syndrome;Stevens-Johnson syndrome
Stomach ache;Stomach ache
Tummy ache;Stomach ache
Stopped or missed periods;Stopped or missed periods
Periods (stopped or missed);Stopped or missed periods
Stop smoking treatments;Smoking
Smoking (treatments to stop);Smoking
Stretch marks;Stretch marks
Stye;Stye
Sudden infant death syndrome (SIDS);Sudden infant death syndrome (SIDS)
Sunburn;Sunburn
Swine flu (H1N1);Swine flu (H1N1)
Swollen glands;Swollen glands
Temporomandibular disorder (TMD);Temporomandibular disorder (TMD)
Jaw pain;Temporomandibular disorder (TMD)
Tension-type headaches;Tension-type headaches
Headaches (tension-type);Tension-type headaches
Tetanus;Tetanus
Excessive thirst;Excessive thirst
Thirst (excessive);Excessive thirst
Thrombophilia;Thrombophilia
Thyroiditis;Thyroiditis
Total iron-binding capacity (TIBC) and transferrin test;Tests, scans and screening
Tongue-tie;Tongue-tie
Toothache;Dental pain
Dental pain;Dental pain
Tooth decay;Tooth decay
Topical corticosteroids;Topical corticosteroids
Steroid cream;Topical corticosteroids
Corticosteroid cream;Topical corticosteroids
Total protein test;Tests, scans and screening
Toxic shock syndrome;Toxic shock syndrome
TENS (transcutaneous electrical nerve stimulation);Pain relief
Trimethylaminuria ('fish odour syndrome');Trimethylaminuria ('fish odour syndrome')
Typhus;Typhus
Ultrasound scan;Tests, scans and screening
Unintentional weight loss;Unintentional weight loss
Weight loss (unintentional);Unintentional weight loss
Weight loss (unexpected);Unintentional weight loss
Urinary tract infections (UTIs);Urinary tract infections (UTIs)
Vaginal discharge;Vaginal discharge
Vaginal dryness;Vaginal dryness
Vaginitis;Vaginitis
Vasculitis;Vasculitis
Blindness and vision loss;Blindness and vision loss
Vomiting blood (haematemesis);Vomiting blood (haematemesis)
Von Willebrand disease;Von Willebrand disease
Vulvodynia (vulval pain);Vulvodynia (vulval pain)
Vaginal pain;Vulvodynia (vulval pain)
Warts and verrucas;Warts and verrucas
West Nile virus;West Nile virus
Whooping cough;Whooping cough
Wolff-Parkinson-White syndrome;Wolff-Parkinson-White syndrome
X-ray;Tests, scans and screening
Zika virus;Zika virus
Abdominal aortic aneurysm;Abdominal aortic aneurysm
AAA;Abdominal aortic aneurysm
Aneurysm (abdominal aortic);Abdominal aortic aneurysm
Abdominal aortic aneurysm screening;Abdominal aortic aneurysm
AAA screening;Abdominal aortic aneurysm
Abscess;Abscess
Acne;Acne
Actinomycosis;Actinomycosis
Acute lymphoblastic leukaemia;Acute lymphoblastic leukaemia
Leukaemia (acute lymphoblastic);Acute lymphoblastic leukaemia
Acute myeloid leukaemia;Acute myeloid leukaemia
Leukaemia (acute myeloid);Acute myeloid leukaemia
Acute pancreatitis;Acute pancreatitis
Pancreatitis (acute);Acute pancreatitis
Addison's disease;Addison's disease
Agoraphobia;Agoraphobia
Albinism;Albinism
Alcohol misuse;Alcohol misuse
Alcohol-related liver disease;Alcohol-related liver disease
Liver disease (alcohol-related);Alcohol-related liver disease
Allergic rhinitis;Allergic rhinitis
Rhinitis (allergic);Allergic rhinitis
Allergies;Allergies
Altitude sickness;Altitude sickness
Alzheimer's disease;Alzheimer's disease
Amniocentesis;Genetic testing in pregnancy
Anal fissure;Anal fissure
Anal fistula;Anal fistula
Anaphylaxis;Anaphylaxis
Androgen insensitivity syndrome;Androgen insensitivity syndrome
Angina;Angina
Angioedema;Angioedema
Angiography;Tests, scans and screening
Ankylosing spondylitis;Ankylosing spondylitis
Anorexia nervosa;Anorexia nervosa
Antibiotics;Treatments for infection
Anticoagulant medicines;Blood clots
Antidepressants;Clinical depression
Antiphospholipid syndrome (APS);Antiphospholipid syndrome (APS)
Hughes syndrome;Antiphospholipid syndrome (APS)
Aortic valve replacement;Aortic valve replacement
Heart valve replacement;Aortic valve replacement
Aphasia;Aphasia
Appendicitis;Appendicitis
Arthritis;Arthritis
Arthroscopy;Joint pain
Aspergillosis;Aspergillosis
Asthma;Asthma
Astigmatism;Astigmatism
Ataxia;Ataxia
Atopic eczema;Atopic eczema
Eczema (atopic);Atopic eczema
Atrial fibrillation;Atrial fibrillation
Attention deficit hyperactivity disorder (ADHD);Attention deficit hyperactivity disorder (ADHD)
Autosomal dominant polycystic kidney disease;Autosomal dominant polycystic kidney disease
Polycystic kidney disease (autosomal dominant);Autosomal dominant polycystic kidney disease
Autosomal recessive polycystic kidney disease;Autosomal recessive polycystic kidney disease
Polycystic kidney disease (autosomal recessive);Autosomal recessive polycystic kidney disease
Back pain;Back pain
Bacterial vaginosis;Bacterial vaginosis
Bad breath;Halitosis
Halitosis;Halitosis
Baker's cyst;Popliteal cyst
Popliteal cyst;Popliteal cyst
Bartholin's cyst;Bartholin's cyst
Bedwetting in children;Bedwetting in children
Behçet's disease;Behçet's disease
Bell's palsy;Bell's palsy
Benign brain tumour (non-cancerous);Benign brain tumour (non-cancerous)
Brain tumour (benign);Benign brain tumour (non-cancerous)
Bile duct cancer (cholangiocarcinoma);Cholangiocarcinoma
Cholangiocarcinoma;Cholangiocarcinoma
Binge eating disorder;Binge eating disorder
Biopsy;Tests, scans and screening
Bipolar disorder;Bipolar disorder
Birthmarks;Birthmarks
Bladder cancer;Bladder cancer
Bladder stones;Bladder stones
Bleeding from the bottom (rectal bleeding);Rectal bleeding
Rectal bleeding;Rectal bleeding
Blepharitis;Blepharitis
Blisters;First aid
Blood tests;Tests, scans and screening
Blushing;Blushing
Bone cancer;Bone cancer
Bone cyst;Bone cyst
Borderline personality disorder;Borderline personality disorder
Bowel cancer;Bowel cancer
Colon cancer;Bowel cancer
Rectal cancer;Bowel cancer
Bowel cancer screening;Bowel cancer screening
Bowel incontinence;Bowel incontinence
Brain abscess;Brain abscess
Brain aneurysm;Brain aneurysm
Aneurysm (brain);Brain aneurysm
Brain death;Brain death
Breast abscess;Breast abscess
Breast cancer in women;Breast cancer in women
Breast cancer in men;Breast cancer in men
Breast lumps;Breast lumps
Bronchiectasis;Bronchiectasis
Bronchiolitis;Bronchiolitis
Bronchodilators;Bronchodilators
Exophthalmos (bulging eyes);Exophthalmos (bulging eyes)
Bulimia;Bulimia
Burns and scalds;Burns and scalds
Bursitis;Bursitis
Caesarean section;Caesarean section
Cancer;Cancer
Carotid endarterectomy;Atherosclerosis (arteriosclerosis)
Carpal tunnel syndrome;Carpal tunnel syndrome
Cartilage damage;Cartilage damage
Cataract surgery;Laser eye surgery and lens surgery
Cavernous sinus thrombosis;Cavernous sinus thrombosis
Cellulitis;Cellulitis
Cerebral palsy;Cerebral palsy
Cervical cancer;Cervical cancer
Cervical screening;Cervical screening
Smear test;Cervical screening
Cervical spondylosis;Cervical spondylosis
Charcot-Marie-Tooth disease;Charcot-Marie-Tooth disease
Chemotherapy;Chemotherapy
Chickenpox;Chickenpox
Childhood cataracts;Childhood cataracts
Cataracts (children);Childhood cataracts
Chlamydia;Chlamydia
Cholera;Cholera
Chorionic villus sampling;Genetic testing in pregnancy
Myalgic encephalomyelitis or chronic fatigue syndrome (ME/CFS);Myalgic encephalomyelitis or chronic fatigue syndrome (ME/CFS)
Chronic fatigue syndrome (ME/CFS);Myalgic encephalomyelitis or chronic fatigue syndrome (ME/CFS)
Chronic lymphocytic leukaemia;Chronic lymphocytic leukaemia
Leukaemia (chronic lymphocytic);Chronic lymphocytic leukaemia
Chronic myeloid leukaemia;Chronic myeloid leukaemia
Leukaemia (chronic myeloid);Chronic myeloid leukaemia
Chronic obstructive pulmonary disease (COPD);Chronic obstructive pulmonary disease (COPD)
Chronic pancreatitis;Chronic pancreatitis
Pancreatitis (chronic);Chronic pancreatitis
Cirrhosis;Cirrhosis
Cleft lip and palate;Cleft lip and palate
Clinical depression;Clinical depression
Depression;Clinical depression
Clinical trials;Healthy volunteer
Club foot;Club foot
Coeliac disease;Coeliac disease
Cognitive behavioural therapy (CBT);Cognitive behavioural therapy (CBT)
Colic;Colic
Colostomy;Colostomy
Colposcopy;Cervical screening
Common cold;Common cold
Complex regional pain syndrome;Complex regional pain syndrome
Congenital heart disease;Congenital heart disease
Conjunctivitis;Conjunctivitis
Consent to treatment;Healthy volunteer
Constipation;Constipation
Contact dermatitis;Contact dermatitis
Eczema (contact dermatitis);Contact dermatitis
Cornea transplant;Cornea transplant
Corns and calluses;Corns and calluses
Cardiac catheterisation and coronary angiography;Tests, scans and screening
Coronary angioplasty and stent insertion;Coronary angioplasty and stent insertion
Angioplasty;Coronary angioplasty and stent insertion
Stent insertion;Coronary angioplasty and stent insertion
Coronary artery bypass graft;Coronary artery bypass graft
Heart bypass;Heart bypass
CABG;Coronary artery bypass graft
Coronary heart disease;Coronary heart disease
Heart disease (coronary);Coronary heart disease
Corticobasal degeneration;Corticobasal degeneration
Counselling;Counselling
Craniosynostosis;Craniosynostosis
Creutzfeldt-Jakob disease;Creutzfeldt-Jakob disease
CJD;Creutzfeldt-Jakob disease
Crohn's disease;Crohn's disease
Croup;Croup
Cushing's syndrome;Cushing's syndrome
Cystic fibrosis;Cystic fibrosis
Cystitis;Cystitis
Cystoscopy;Cystoscopy
Cytomegalovirus (CMV);Cytomegalovirus (CMV)
Deafblindness;Deafblindness
DVT (deep vein thrombosis);DVT (deep vein thrombosis)
DVT;DVT (deep vein thrombosis)
Dehydration;Dehydration
Dementia with Lewy bodies;Dementia with Lewy bodies
Dengue;Dengue
Developmental co-ordination disorder (dyspraxia) in children;Developmental co-ordination disorder (dyspraxia) in children
Dyspraxia in children;Developmental co-ordination disorder (dyspraxia) in children
Bone density scan (DEXA scan);Tests, scans and screening
DEXA scan;Tests, scans and screening
Diabetes insipidus;Diabetes insipidus
Diabetic retinopathy;Diabetic retinopathy
Dialysis;Dialysis
Diphtheria;Diphtheria
Discoid eczema;Discoid eczema
Eczema (discoid);Discoid eczema
Disorders of consciousness;Disorders of consciousness
Vegetative state;Disorders of consciousness
Double vision;Double vision
Down's syndrome;Down's syndrome
Dry eyes;Dry eyes
Dupuytren's contracture;Dupuytren's contracture
Dyslexia;Dyslexia
Dystonia;Dystonia
Ectopic pregnancy;Ectopic pregnancy
Encephalitis;Encephalitis
Endocarditis;Endocarditis
Endometriosis;Endometriosis
Epidermolysis bullosa;Epidermolysis bullosa
Epidural;Pain relief
Epilepsy;Epilepsy
Erectile dysfunction (impotence);Erectile dysfunction (impotence)
Impotence;Erectile dysfunction (impotence)
Excessive sweating (hyperhidrosis);Excessive sweating (hyperhidrosis)
Hyperhidrosis;Excessive sweating (hyperhidrosis)
Fabricated or induced illness;Fabricated or induced illness
Fainting;Fainting
Falls;Falls
Femoral hernia repair;Femoral hernia repair
Hernia (femoral);Femoral hernia repair
Fibroids;Fibroids
Fibromyalgia;Fibromyalgia
First aid;First Aid
Farting (flatulence);Farting (flatulence)
Flatulence;Farting (flatulence)
Wind;Farting (flatulence)
Flu;Flu
Influenza;Flu
Food allergy;Food allergy
Food poisoning;Food poisoning
Frontotemporal dementia;Frontotemporal dementia
Dementia (frontotemporal);Frontotemporal dementia
Frostbite;Frostbite
Frozen shoulder;Frozen shoulder
Fungal nail infection;Fungal nail infection
Nail fungal infection;Fungal nail infection
Gallbladder removal;Gallbladder removal
Gallstones;Gallstones
Gangrene;Gangrene
Gastrectomy;Gastrectomy
Gastroscopy;Gastroscopy
Gender dysphoria;Gender dysphoria
Generalised anxiety disorder in adults;Generalised anxiety disorder in adults
Anxiety disorder in adults;Generalised anxiety disorder in adults
Genital herpes;Genital herpes
Herpes (genital);Genital herpes
Genital warts;Genital warts
Gestational diabetes;Gestational diabetes
Diabetes in pregnancy;Gestational diabetes
Giardiasis;Giardiasis
Glandular fever;Glandular fever
Glaucoma;Glaucoma
Glomerulonephritis;Glomerulonephritis
Glue ear;Glue ear
Goitre;Goitre
Gonorrhoea;Gonorrhoea
Gout;Gout
Guillain-Barré syndrome;Guillain-Barré syndrome
Gum disease;Gum disease
Haemochromatosis;Haemochromatosis
Haemophilia;Haemophilia
Hair loss;Hair loss
Hand tendon repair;Hand tendon repair
Having an operation (surgery);General surgery and recovery
Surgery (having an operation);General surgery and recovery
Hay fever;Hay fever
Head lice and nits;Head lice and nits
Hearing loss;Hearing loss
Deafness;Hearing loss
Hearing tests;Hearing tests
Heart attack;Heart attack
Heart block;Heart block
Heartburn and acid reflux;Gastro-oesophageal reflux disease (GORD)
Gastro-oesophageal reflux disease (GORD);Gastro-oesophageal reflux disease (GORD)
Heart failure;Heart failure
Heart transplant;Heart transplant
Heavy periods;Heavy periods
Periods (heavy);Heavy periods
Hepatitis A;Hepatitis A
Hepatitis B;Hepatitis B
Hepatitis C;Hepatitis C
Hiatus hernia;Hiatus hernia
Hernia (hiatus);Hiatus hernia
Hiccups;Hiccups
High blood pressure (hypertension);High blood pressure (hypertension)
Hypertension;Hypertension
Blood pressure (high);High blood pressure (hypertension)
High cholesterol;High cholesterol
Cholesterol (high);High cholesterol
Hip fracture;Hip fracture
Hip replacement;Hip replacement
Excessive hair growth (hirsutism);Excessive hair growth (hirsutism)
hirsutism;Excessive hair growth (hirsutism)
HIV and AIDS;HIV and AIDS
Hives;Hives
Hodgkin lymphoma;Hodgkin lymphoma
Hormone replacement therapy (HRT);Hormone replacement therapy (HRT)
HRT;Hormone replacement therapy (HRT)
Huntington's disease;Huntington's disease
Hydrocephalus;Hydrocephalus
Hydronephrosis;Hydronephrosis
Hysterectomy;Hysterectomy
Hysteroscopy;Hysteroscopy
Idiopathic pulmonary fibrosis;Idiopathic pulmonary fibrosis
Pulmonary fibrosis;Idiopathic pulmonary fibrosis
Ileostomy;Ileostomy
Impetigo;Impetigo
Infertility;Infertility
Inguinal hernia repair;Inguinal hernia repair
Hernia (inguinal);Inguinal hernia repair
Insect bites and stings;Insect bites and stings
Sting or bite (insect);Insect bites and stings
Insomnia;Insomnia
Iron deficiency anaemia;Iron deficiency anaemia
Anaemia (iron deficiency);Iron deficiency anaemia
Irregular periods;Irregular periods
Periods (irregular);Irregular periods
Irritable bowel syndrome (IBS);Irritable bowel syndrome (IBS)
IBS;Irritable bowel syndrome (IBS)
Itchy bottom;Itchy bottom
Anus (itchy);Itchy bottom
Itchy skin;Itchy skin
IVF;IVF
Japanese encephalitis;Japanese encephalitis
Jaundice;Jaundice
Newborn jaundice;Newborn jaundice
Jaundice in newborns;Newborn jaundice
Jellyfish and other sea creature stings;Jellyfish and other sea creature stings
Jet lag;Jet lag
Joint hypermobility syndrome;Joint hypermobility syndrome
Kawasaki disease;Kawasaki disease
Kidney cancer;Kidney cancer
Chronic kidney disease;Chronic kidney disease
Kidney failure;Chronic kidney disease
Kidney infection;Kidney infection
Kidney stones;Kidney stones
Kidney transplant;Kidney transplant
Knee ligament surgery;Knee ligament surgery
Knee replacement;Knee replacement
Kyphosis;Kyphosis
Labyrinthitis and vestibular neuritis;Labyrinthitis and vestibular neuritis
Vestibular neuritis;Labyrinthitis and vestibular neuritis
Lactose intolerance;Lactose intolerance
Laparoscopy (keyhole surgery);Laparoscopy (keyhole surgery)
Laryngeal (larynx) cancer;Laryngeal (larynx) cancer
Laryngitis;Laryngitis
Laxatives;Constipation
Lazy eye;Amblyopia
Amblyopia;Amblyopia
Leg cramps;Leg cramps
Venous leg ulcer;Venous leg ulcer
Leg ulcer;Venous leg ulcer
Leptospirosis (Weil's disease);Leptospirosis (Weil's disease)
Weil's disease;Leptospirosis (Weil's disease)
Leukoplakia;Leukoplakia
Lichen planus;Lichen planus
Listeriosis;Listeriosis
Liver cancer;Liver cancer
Liver transplant;Liver transplant
Long-sightedness;Long-sightedness
Low blood pressure (hypotension);Low blood pressure (hypotension)
Blood pressure (low);Low blood pressure (hypotension)
Hypotension;Low blood pressure (hypotension)
Lumbar decompression surgery;Lumbar decompression surgery
Lumbar puncture;Lumbar puncture
Lung cancer;Lung cancer
Lung transplant;Lung transplant
Lupus;Lupus
Lymphoedema;Lymphoedema
Age-related macular degeneration (AMD);Age-related macular degeneration (AMD)
Macular degeneration (age-related);Age-related macular degeneration (AMD)
Malaria;Malaria
Malignant brain tumour (brain cancer);Brain tumour (malignant)
Brain tumour (malignant);Brain tumour (malignant)
Malnutrition;Malnutrition
Marfan syndrome;Marfan syndrome
Mastectomy;New - Breast cancer surgery
Mastitis;Mastitis
Mastocytosis;Mastocytosis
Measles;Measles
Medicines information;Healthy volunteer
Skin cancer (melanoma);Skin cancer (melanoma)
Meningitis;Meningitis
Menopause;Menopause
Migraine;Migraine
Head injury and concussion;Concussion
Miscarriage;Miscarriage
Moles;Moles
Molluscum contagiosum;Molluscum contagiosum
Motor neurone disease;Motor neurone disease
Mouth cancer;Mouth cancer
Tongue cancer;Mouth cancer
MRI scan;Tests, scans and screening
Mucositis;Mucositis
Multiple myeloma;Myeloma
Myeloma;Myeloma
Multiple sclerosis;Multiple sclerosis
Mumps;Mumps
Munchausen's syndrome;Munchausen syndrome
Muscular dystrophy;Muscular dystrophy
Myasthenia gravis;Myasthenia gravis
Narcolepsy;Narcolepsy
Nasal polyps;Nasal polyps
Newborn respiratory distress syndrome;Newborn respiratory distress syndrome
Neurofibromatosis type 1;Neurofibromatosis type 1
Neurofibromatosis type 2;Neurofibromatosis type 2
Non-allergic rhinitis;Non-allergic rhinitis
Non-gonococcal urethritis;Non-gonococcal urethritis
Urethritis (NGU);Non-gonococcal urethritis
Non-Hodgkin lymphoma;Non-Hodgkin lymphoma
Skin cancer (non-melanoma);Skin cancer (non-melanoma)
Squamous cell carcinoma;Skin cancer (non-melanoma)
Basal cell carcinoma;Basal cell carcinoma
Noonan syndrome;Noonan syndrome
Nosebleed;Nosebleed
Obesity;Obesity
Obsessive compulsive disorder (OCD);Obsessive compulsive disorder (OCD)
Occupational therapy;Occupational therapy
Oesophageal cancer;Oesophageal cancer
Orthodontics;Dental care and surgery
Osteoarthritis;Osteoarthritis
Osteomyelitis;Osteomyelitis
Osteopathy;Joint Pain
Osteoporosis;Osteoporosis
Ovarian cancer;Ovarian cancer
Ovarian cyst;Ovarian cyst
Overactive thyroid (hyperthyroidism);Overactive thyroid (hyperthyroidism)
Hyperthyroidism;Overactive thyroid (hyperthyroidism)
Pacemaker implantation;Heart rhythm problems - ( also check arrhythmia)
Paget's disease of bone;Paget's disease of bone
Paget's disease of the nipple;Paget's disease of the nipple
Pancreas transplant;Transplants and organ donation
Pancreatic cancer;Pancreatic cancer
Paralysis;Paralysis
Parkinson's disease;Parkinson's disease
Pelvic inflammatory disease;Pelvic inflammatory disease
Pelvic organ prolapse;Pelvic organ prolapse
Prolapse (pelvic organ);Pelvic organ prolapse
Pemphigus vulgaris;Pemphigus vulgaris
Perforated eardrum;Perforated eardrum
Eardrum (burst);Perforated eardrum
Pericarditis;Pericarditis
Peripheral arterial disease (PAD);Peripheral arterial disease (PAD)
Peripheral neuropathy;Peripheral neuropathy
Peritonitis;Peritonitis
Phobias;Phobias
Physiotherapy;Physiotherapy
Piles (haemorrhoids);Piles (haemorrhoids)
Piles;Piles (haemorrhoids)
Pilonidal sinus;Pilonidal sinus
Plastic surgery;Plastic surgery
Pneumonia;Pneumonia
Poisoning;Poisoning
Polycystic ovary syndrome;Polycystic ovary syndrome
Polycythaemia;Polycythaemia
Polymyalgia rheumatica;Polymyalgia rheumatica
Post-herpetic neuralgia;Post-herpetic neuralgia
Postnatal depression;Postnatal depression
Post-polio syndrome;Post-polio syndrome
Post-traumatic stress disorder (PTSD);Post-traumatic stress disorder (PTSD)
Prader-Willi syndrome;Prader-Willi syndrome
Pre-eclampsia;Pre-eclampsia
PMS (premenstrual syndrome);PMS (premenstrual syndrome)
Pressure ulcers (pressure sores);Pressure ulcers (pressure sores)
Priapism (painful erections);Priapism (painful erections)
Primary biliary cholangitis (primary biliary cirrhosis);Primary biliary cholangitis (primary biliary cirrhosis)
Progressive supranuclear palsy;Progressive supranuclear palsy
Prostate cancer;Prostate cancer
Benign prostate enlargement;Benign prostate enlargement
Prostate enlargement;Benign prostate enlargement
Psoriasis;Psoriasis
Psychosis;Psychosis
Pulmonary embolism;Pulmonary embolism
Pulmonary hypertension;Pulmonary hypertension
Rabies;Rabies
Radiotherapy;Cancer
Raynaud's;Raynaud's
Reactive arthritis;Reactive arthritis
Rectal examination;Tests, scans and screening
Repetitive strain injury (RSI);Repetitive strain injury (RSI)
Restless legs syndrome;Restless legs syndrome
Restricted growth (dwarfism);Restricted growth (dwarfism)
Dwarfism;Restricted growth (dwarfism)
Detached retina (retinal detachment);Detached retina (retinal detachment)
Retinal detachment;Detached retina (retinal detachment)
Rhesus disease;Rhesus disease
Rheumatic fever;Rheumatic fever
Rheumatoid arthritis;Rheumatoid arthritis
Rickets and osteomalacia;Rickets and osteomalacia
Osteomalacia;Rickets and osteomalacia
Root canal treatment;Dental care and surgery
Rosacea;Rosacea
Rubella (german measles);Rubella (german measles)
Scabies;Scabies
Scars;Scars
Schizophrenia;Schizophrenia
Sciatica;Sciatica
Buttock pain;Sciatica
Scoliosis;Scoliosis
Scurvy;Scurvy
Seasonal affective disorder (SAD);Seasonal affective disorder (SAD)
Self-harm;Self-harm
Sepsis;Sepsis
Severe head injury;Severe head injury
Shingles;Shingles
Short-sightedness (myopia);Short-sightedness (myopia)
Myopia;Short-sightedness (myopia)
Shoulder pain;Shoulder pain
Sickle cell disease;Sickle cell disease
Sjögren's syndrome;Sjögren's syndrome
Sleep paralysis;Sleep paralysis
Slipped disc;Slipped disc
Small bowel transplant;Small bowel transplant
Bowel transplant;Small bowel transplant
Snoring;Snoring
Spina bifida;Spina bifida
Spinal muscular atrophy;Spinal muscular atrophy
Sports injuries;Sports injuries
Sprains and strains;Sprains and strains
Squint;Squint
Selective serotonin reuptake inhibitors (SSRIs);Mental health and wellbeing
Stammering;Stammering
Stuttering;Stammering
Statins;Statins
Stem cell and bone marrow transplants;Stem cell and bone marrow transplants
Stillbirth;Stillbirth
Stomach cancer;Stomach cancer
Stomach ulcer;Stomach ulcer
Stroke;Stroke
Subarachnoid haemorrhage;Brain haemorrhage
Brain haemorrhage;Brain haemorrhage
Subdural haematoma;Subdural haematoma
Help for suicidal thoughts;Suicidal thoughts
Suicidal thoughts;Suicidal thoughts
Supraventricular tachycardia (SVT);Supraventricular tachycardia (SVT)
Dysphagia (swallowing problems);Dysphagia (swallowing problems)
Swallowing problems;Dysphagia (swallowing problems)
Syphilis;Syphilis
Coccydynia (tailbone pain);Coccydynia (tailbone pain)
Tay-Sachs disease;Tay-Sachs disease
Teeth grinding (bruxism);Teeth grinding (bruxism)
Bruxism;Teeth grinding (bruxism)
Tendonitis;Tendonitis
Tennis elbow;Tennis elbow
Testicle lumps and swellings;Testicle lumps and swellings
Testicular cancer;Testicular cancer
Thalassaemia;Thalassaemia
Threadworms;Threadworms
Thyroid cancer;Thyroid cancer
Tick-borne encephalitis (TBE);Tick-borne encephalitis (TBE)
Tics;Tics
Tinnitus;Tinnitus
Tonsillitis;Tonsillitis
Quinsy;Tonsillitis
Tourette's syndrome;Tourette's syndrome
Toxocariasis;Toxocariasis
Toxoplasmosis;Toxoplasmosis
Tracheostomy;Tracheostomy
Transient ischaemic attack (TIA);Transient ischaemic attack (TIA)
TIA;Frontotemporal dementia
Transurethral resection of the prostate (TURP);Prostate enlargement
Travel vaccinations;Vaccinations
Trichomoniasis;Trichomoniasis
Trichotillomania (hair pulling disorder);Trichotillomania (hair pulling disorder)
Trigeminal neuralgia;Trigeminal neuralgia
Trigger finger;Trigger finger
Tuberculosis (TB);Tuberculosis (TB)
Tuberous sclerosis;Tuberous sclerosis
Turner syndrome;Turner syndrome
Type 2 diabetes;Type 2 diabetes
Diabetes (type 2);Type 2 diabetes
Typhoid fever;Typhoid fever
Ulcerative colitis;Ulcerative colitis
Umbilical hernia repair;Hernia
Hernia (umbilical);Hernia
Underactive thyroid (hypothyroidism);Underactive thyroid (hypothyroidism)
Hypothyroidism;Underactive thyroid (hypothyroidism)
Undescended testicles;Undescended testicles
Urinary catheter;Urinary catheter
Urinary incontinence;Urinary incontinence
Incontinence (urinary);Urinary incontinence
Uveitis;Uveitis
Vaginal cancer;Vaginal cancer
Vaginismus;Vaginismus
Varicose eczema;Varicose eczema
Eczema (varicose);Varicose eczema
Varicose veins;Varicose veins
Vascular dementia;Vascular dementia
Dementia (vascular);Vascular dementia
Vertigo;Vertigo
Vitamin B12 or folate deficiency anaemia;Vitamin B12 or folate deficiency anaemia
Anaemia (vitamin B12 or folate deficiency);Vitamin B12 or folate deficiency anaemia
Vitamins and minerals;Healthy lifestyle
Vitiligo;Vitiligo
Vulval cancer;Vulval cancer
Watering eyes;Watering eyes
Weight loss surgery;Obesity
Whiplash;Whiplash
Wisdom tooth removal;Dental care and surgery
Womb (uterus) cancer;Womb (uterus) cancer
Uterine (womb) cancer;Womb (uterus) cancer
Endometrial cancer;Womb (uterus) cancer
Yellow fever;Yellow fever
Abortion;Abortion
Bird flu;Bird flu
Avian flu;Bird flu
Antifungal medicines;Treatments for infection
Blood transfusion;Blood transfusion
Ringworm;Ringworm
Early menopause;Early menopause
Menopause (early);Early menopause
Floaters and flashes in the eyes;Floaters and flashes in the eyes
Eye floaters;Floaters and flashes in the eyes
Your contraception guide;Contraception
Dementia guide;Dementia (all)
Fitness Studio exercise videos;Healthy lifestyle
NHS Health Check;Tests, scans and screening
Worms in humans;Worms in humans
Hookworm;Worms in humans
Tapeworm;Worms in humans
Roundworm;Worms in humans
Tremor or shaking hands;Tremor or shaking hands
tremor;Tremor or shaking hands
essential tremor;Tremor or shaking hands
shaking;Tremor or shaking hands
Low white blood cell count;Low white blood cell count
White blood cell count (low);Low white blood cell count
Bunions;Bunions
Lost or changed sense of smell;Lost or changed sense of smell
Sense of smell (lost/changed);Lost or changed sense of smell
Soiling (child pooing their pants);Soiling (child pooing their pants)
Oral thrush (mouth thrush);Oral thrush (mouth thrush)
Mouth thrush;Oral thrush (mouth thrush)
Temporal arteritis;Temporal arteritis
Giant cell arteritis;Temporal arteritis
Memory loss (amnesia);Memory loss (amnesia)
Amnesia;Memory loss (amnesia)
Headaches;Headaches
Sinusitis (sinus infection);Sinusitis (sinus infection)
Sinusitis;Sinusitis (sinus infection)
Thrush in men and women;Thrush in men and women
Cold sores;Cold sores
Group B strep;Group B strep
Skin picking disorder;Skin picking disorder
Hyperparathyroidism;Hyperparathyroidism
Hypoparathyroidism;Hypoparathyroidism
Ear infections;Ear infections
Twitching eyes and muscles;Twitching eyes and muscles
Learning disabilities;Learning disabilities
NHS screening;Tests, scans and screening
Hormone headaches;Hormone headaches
Headaches (hormone);Hormone headaches
What to do if someone has a seizure (fit);Seizures (fits)
Seizures (fits);Seizures (fits)
Fits (seizures);Seizures (fits)
Complementary and alternative medicine;Complementary and alternative medicine
End of life care;End of life care
Knocked-out tooth;Knocked-out tooth
Tooth knocked out;Knocked-out tooth
Chipped broken or cracked tooth;Chipped, broken or cracked tooth
Tooth (chipped or broken);Chipped, broken or cracked tooth
Diarrhoea and vomiting;Diarrhoea and vomiting
Tummy bug;Diarrhoea and vomiting
Vomiting;Norovirus (vomiting bug)
Stomach bug;Diarrhoea and vomiting
Gastroenteritis;Diarrhoea and vomiting
Diarrhoea;Diarrhoea and vomiting
Being sick;Diarrhoea and vomiting
Bullous pemphigoid;Bullous pemphigoid
Feeling sick (nausea);Feeling sick (nausea)
Nausea;Feeling sick (nausea)
Type 1 diabetes;Type 1 diabetes
Diabetes (type 1);Type 1 diabetes
Social care and support guide;Improving care and services
Middle East respiratory syndrome (MERS);Middle East respiratory syndrome (MERS)
Monkeypox;Monkeypox
Diabetic eye screening 2;Diabetic eye screening
Medical cannabis (and cannabis oils);Medical cannabis (and cannabis oils)
Cannabis oil (medical cannabis);Medical cannabis (and cannabis oils)
Diabetic eye screening 1;Diabetic eye screening
Body odour (BO);Body odour (BO)
Human papillomavirus (HPV);Human papillomavirus (HPV)
Plantar fasciitis;Plantar fasciitis
Foot pain;Foot pain
heel pain;Foot pain
Toe pain;Foot pain
ankle pain;Foot pain
Autism;Autism
Asperger's;Autism
Cosmetic procedures;Cosmetic procedures
Hand pain;Hand pain
Swollen arms and hands (oedema);Swollen arms and hands (oedema)
Colonoscopy;Colonoscopy
Genetic and genomic testing;Tests, scans and screening
Sleep apnoea;Sleep apnoea
Vaccinations;Vaccinations
Mental health and wellbeing;Mental health and wellbeing
High temperature (fever) in adults;High temperature (fever) in adults
Fever in adults;High temperature (fever) in adults
Coronavirus (COVID-19);Coronavirus (COVID-19)
Baby;Parenting
Do not attempt cardiopulmonary resuscitation (DNACPR) decisions;End of life care
Testicle pain;Testicle pain
Pain in testicles;Testicle pain
Hearing aids and implants;Hearing aids and implants
Breast screening (mammogram);Breast screening (mammogram)
Smelly feet;Smelly feet
Academic attainment;Academic attainment
Ageing;Ageing
Aggression;Aggression
Antenatal care;Antenatal care
Blood donation;Blood donation
Body image;Body image
Breastfeeding;Breastfeeding
Care homes;Care homes
Carers;Carers
Child development;Child development
Complementary therapies;Complementary therapies
Contraception;Contraception
Domestic violence;Domestic violence
Eating well;Eating well
Exercise and sports;Healthy lifestyle
General wellbeing;General wellbeing
Genetic screening;Genetic screening
Healthy volunteers;Healthy volunteer
Improving care and services;Improving care and services
Healthy lifestyle;Healthy lifestyle
Long COVID;Long COVID
Obesity risk;Obesity risk
Occupational health;Occupational health
Parenting;Parenting
Public health;Public health
Sleeping well;Sleeping well
Smoking;Smoking
Supplements;Supplements
Dementia (all);Dementia (all)
Wrist pain;Wrist pain
Bereavement;Bereavement
Bloating;Bloating
Blood in semen;Blood in semen
Breast Feeding;Breastfeeding
Bulging eyes (exophthalmos);Bulging eyes (exophthalmos)
Chipped, broken or cracked tooth;Chipped, broken or cracked tooth
Fertility issues;Fertility issues
Finger pain;Finger pain
Fractures, sprains and broken bones;Fractures, sprains and broken bones
Hand, foot and mouth disease;Hand, foot and mouth disease
Healthy volunteer;Healthy volunteer
Heart palpitations;Heart palpitations
High blood sugar (hyperglycaemia);High blood sugar (hyperglycaemia)
Keloid scars;Keloid scars
Laser eye surgery and lens surgery;Laser eye surgery and lens surgery
Low sex drive (loss of libido);Low sex drive (loss of libido)
Munchausen syndrome;Munchausen syndrome
Pain in the back of the hand;Pain in the back of the hand
Pain in the ball of the foot;Pain in the ball of the foot
Pain in the bottom of the foot;Pain in the bottom of the foot
Pain in the palm of the hand;Pain in the palm of the hand
Pain in the top of the foot;Pain in the top of the foot
Pain relief;Pain relief
Personality disorders;Personality disorder
Pregnancy;Pregnancy
Prolonged grief disorder;Prolonged grief disorder
Psychotic depression;Psychotic depression
Respiratory syncytial virus (RSV);Respiratory syncytial virus (RSV)
Swollen ankles, feet and legs (oedema);Swollen ankles, feet and legs (oedema)
Tailbone (coccyx) pain;Tailbone (coccyx) pain
Teeth whitening;Teeth whitening
Tension headaches;Tension headaches
Tests, scans and screening;Tests, scans and screening
Thumb pain;Thumb pain
Tight foreskin (phimosis);Tight foreskin (phimosis)
Vomiting blood;Vomiting blood (haematemesis)
